          , gp_asymptomatic_male,gp_mild_male,gp_ifr_male,gp_hospital_ifr_male,gp_icu_ifr_male,gp_hospital_male,gp_icu_male,gp_home_ifr_male,gp_asymptomatic_female,gp_mild_female,gp_ifr_female,gp_hospital_ifr_female,gp_icu_ifr_female,gp_hospital_female,gp_icu_female,gp_home_ifr_female,ch_asymptomatic_male,ch_mild_male,ch_ifr_male,ch_hospital_ifr_male,ch_icu_ifr_male,ch_hospital_male,ch_icu_male,ch_home_ifr_male,ch_asymptomatic_female,ch_mild_female,ch_ifr_female,ch_hospital_ifr_female,ch_icu_ifr_female,ch_hospital_female,ch_icu_female,ch_home_ifr_female
"[0, 30]" , 0.456,               0.5,         0.1,        0.0,            0.0,             0.0,        0.0,             0.0,                   0.456,         0.3,          0.0,                   0.0,              0.0,               0.0,          0.0,               0.0,                 0.456,       0.5,        0.01,                1.5,            1.5,             110.5,      11.0,            0.0,                   0.456,         0.532,        0.061,                 0.0,              0.0,               2.12,         8.280086248524045,0.061371051836574216
"[31, 60]",0.456,0.5329999999999999,0.0,0.0,0.0,0.0,0.0,0.0,0.456,0.5329999999999999,0.0,7.338230952493078e-06,7.338230952493078e-06,0.00035574522576505946,3.557452257650595e-05,0.0,0.456,0.5329999999999999,0.06657309603332014,0.0,0.0,0.0,0.0,0.06657309603332014,0.456,0.5329999999999999,0.061371051836574216,0.0,0.0,0.0,0.0,0.061371051836574216
"[61, 99]",0.41200000000000003,0.569,1.2740759063524098e-05,1.472364985703255e-05,1.472364985703255e-05,0.000653227429185483,6.532274291854829e-05,0.0,0.41200000000000003,0.569,6.495986916382659e-06,7.743090403019806e-06,7.743090403019806e-06,0.00043793416128083505,4.3793416128083494e-05,0.0,0.41200000000000003,0.569,0.06657309603332014,0.0,0.0,0.0,0.0,0.06657309603332014,0.41200000000000003,0.569,0.061371051836574216,0.0,0.0,0.0,0.0,0.061371051836574216